<datapower-configuration version="3"><export-details><description>Exported Configuration</description><user>admin</user><domain>DemoDomain</domain><comment/><product-id>5725</product-id><product>IDG</product><display-product>IDG</display-product><model>IBM DataPower Gateway</model><display-model>IBM DataPower Gateway</display-model><device-name>DataPowerLab</device-name><serial-number>0000000</serial-number><firmware-version>IDG.7.7.1.1</firmware-version><display-firmware-version>IDG.7.7.1.1</display-firmware-version><firmware-build>300826</firmware-build><firmware-timestamp>2018/06/26 12:28:57</firmware-timestamp><current-date>2019-05-21</current-date><current-time>12:57:29 CDT</current-time><reset-date>2019-05-20</reset-date><reset-time>23:44:26 CDT</reset-time><login-message/><custom-ui-file/></export-details><interface-data><interface name="eth0" type="Ethernet" vers="ipv4" ip-addr="192.168.216.30"/><interface name="eth1" type="Ethernet" vers="ipv4" ip-addr="192.168.216.31"/><interface name="eth0-vip" type="Ethernet" vers="ipv4" ip-addr="192.168.216.32"/></interface-data><configuration domain="DemoDomain"><DomainSettings name="default" intrinsic="true" xmlns:env="http://www.w3.org/2003/05/soap-envelope" xmlns:dp="http://www.datapower.com/schemas/management">
<mAdminState>enabled</mAdminState>
<PasswordTreatment>none</PasswordTreatment></DomainSettings><PasswordAlias name="apiPass" xmlns:env="http://www.w3.org/2003/05/soap-envelope" xmlns:dp="http://www.datapower.com/schemas/management">
<mAdminState>enabled</mAdminState>
<DomainSettings class="DomainSettings">default</DomainSettings></PasswordAlias></configuration><files><file name="webgui:///clixform.xsl" src="dp-aux/clixform.xsl" location="dp-aux" internal="true" hash="5D6rHcHlxffHkL6WqXFk5rM/MSw="/><file name="webgui:///SchemaUtil.xsl" src="dp-aux/SchemaUtil.xsl" location="dp-aux" internal="true" hash="ZnCYHBrcIPvfLAXYOIKIL0KXIbo="/><file name="webgui:///management.xsl" src="dp-aux/management.xsl" location="dp-aux" internal="true" hash="pi0c46mGrlbqTpsWjG3QUxFOCYU="/><file name="webgui:///map-dmz.xsl" src="dp-aux/map-dmz.xsl" location="dp-aux" internal="true" hash="S8LbpfukTeInHK2d6DnQfdiZmd4="/><file name="webgui:///drMgmt.xml" src="dp-aux/drMgmt.xml" location="dp-aux" internal="true" hash="1gXxk+P5SP31V41PeGS1LDvftQo="/><file name="webgui:///basetypes.xml" src="dp-aux/basetypes.xml" location="dp-aux" internal="true" hash="HrLsg2FhC6fPlGYI25NijeP828E="/></files></datapower-configuration>